Workbook

Sheet Config
A1: Clave | B1: Valor | C1: Descripción | L1: Años
A2: RUTA_RAIZ | C2: ID carpeta PAT | L2: 2026
A3: ID_PLANTILLA Nombre_Apellido_xxx | C3: ID plantilla alumno | L3: 2027
A4: ID_Seleccion_PAT | C4: Cupo por docente | L4: 2028
A5: ID_Directorio_Alumnos | C5: Directorio de Alumnos | L5: 2029
A6: SISTEMA_ACTIVO | C6: Habilitar sistema | L6: 2030
A7: VERSION | C7: Versión | L7: 2031
A8: BOTON_INSCRIPCION | C8: Habilita o no la inscripcion | L8: 2032
A9: ID_DirectorioBackUp | C9: Directorio de BackUp | L9: 2033
A10: Año actual | L10: 2034
A11: Email_ADMINISTRADOR | C11: Email principal | L11: 2035
A12: ID_LOGO | C12: Logo de la esceula | L12: 2036
A13: ID_Apps_Script
A14: ID_Egresados | C14: ID de la carpeta de Egresados
A15: ID_Bajas | C15: ID de la carpeta de Bajas

Sheet Respuesta del Formulario
A1: Timestamp | B1: Apellido del Estudiante | C1: Nombre del Estudiante | D1: DNI | E1: Nacionalidad | F1: Fecha Nacimiento | G1: Email Address | H1: Email ALU | I1: Distrito | J1: Municipio | K1: Calle | L1: CP | M1: Tutor1Nombre | N1: Tutor1Apellido | O1: Tutor1Telefono | P1: Tutor1Email | Q1: Tutor2Nombre | R1: Tutor2Apellido | S1: Tutor2Telefono | T1: Tutor2Email | U1: Ficha Salud | V1: Año | W1: División | X1: Turno | Y1: Especialidad | Z1: Nombre Docente | AA1: URL Archivo | AB1: URL Carpeta
A280: 46113.492 | B280: Mandrea | C280: Sofia Bianca | D280: 52642114 | E280: Argentina | F280: 41252 | G280: mandrea.sofia.et21.26@gmail.com | H280: SIN DATO | I280: caba | J280: Villa Urquiza | K280: Quesada 5090 Dpto A | L280: 1431 | M280: Brenda Soledad | N280: Raño | O280: 1164974671 | P280: brendarano@gmail.com | Q280: SIN DATO | R280: SIN DATO | S280: 1144798172 (Hermano) | T280: osvaldo2418@hotmail.com | U280: SIN DATO | V280: 1 | W280: 2 | X280: TD | Y280: CB | Z280: Muiño, Claudia | AA280: https://docs.google.com/spreadsheets/d/19PxvPfGsGu8F3B0iIsOJYTqvfHWQSPK_pHgkXrO397s/edit?usp=drivesdk | AB280: https://drive.google.com/drive/folders/1VtbC3ANLqCxXDw_BqR_SHYEELqpyy98u
A281: 46133.695 | B281: Marín | C281: Ana | D281: 95550606 | E281: Venezonala | F281: 19/10/2007 | G281: marin.ana.et21.22@gmail.com | H281: anam0606@alu.bue.edu.ar | I281: CABA | J281: Belgrano | K281: Cuba | L281: 1428 | M281: Romnay | N281: Granado | O281: 1166571467 | P281: romnaygranado@gmail.com | Q281: Martin | R281: Marín | S281: 1166571486 | T281: martinjmquintero@gmail.com | V281: 5 | W281: 1 | X281: TD | Y281: CSC | Z281: Mitingay, Dardo Antonio | AA281: https://docs.google.com/spreadsheets/d/1S9WBiX0Sv4CQV-mrOtML-ZcBTOwtBtbAj5vbkBcI390/edit?usp=drivesdk | AB281: https://drive.google.com/drive/folders/1VtbC3ANLqCxXDw_BqR_SHYEELqpyy98u
A282: 46128.714 | B282: Ibañez | C282: Marlene | D282: 51340216 | E282: ARGENTINA | F282: 19/10/2011 | G282: ibanez.marlene.et21.25@gmail.com | H282: @alu.bue.edu.ar | I282: V. LOPEZ | J282: V. LOPEZ | K282: V. LOPEZ | L282: 1636 | M282: MELINA | N282: IBAÑEZ | O282: 1533138630 | P282: melii.2009@outlook.com | V282: 2 | W282: 6 | X282: TD | Y282: CB | Z282: Larretape, Mariano | AA282: https://docs.google.com/spreadsheets/d/182yp3rXNO3nEiUWuJUToySK5BZnA_Y4Z-CpwGtChvlY/edit?usp=drivesdk | AB282: https://drive.google.com/drive/folders/1VtbC3ANLqCxXDw_BqR_SHYEELqpyy98u
A283: 46127.558 | B283: Marques | C283: Guadalupe | D283: 50985250 | E283: Argentina | F283: 24/02/2011 | G283: Marques.guadalupe.et21.24@gmail.com | H283: psarmiento20_3003@alu.bue.edu.ar | I283: CABA,Pcia de BsAs | J283: Vicente Lopez | K283: Agustin alvarez 4277 | L283: 1603 | M283: Yanina Rosana | N283: Dell ‘ aica | O283: 116288-9160 | P283: Yanina.dellaica@bue.edu.ar | U283: Normal | V283: 3 | W283: 1 | X283: TD | Y283: CB | Z283: Cuiñas,Carolina | AA283: https://docs.google.com/spreadsheets/d/1Zcje-KX2TuwgnEHPD2P-Vv1YVb6QdoziI7yRGQPyfB8/edit?usp=drivesdk | AB283: https://drive.google.com/drive/folders/1VtbC3ANLqCxXDw_BqR_SHYEELqpyy98u
A284: 46132.48 | B284: Martel | C284: Sandra | D284: 49596681 | E284: Argentina | F284: 40156 | G284: sandra.martel.et21.23@gmail.com | H284: sandra.martel.et21.23@gmail.com | I284: José León Suárez | J284: General San Martín. | K284: Andrés lamas 8869 | L284: B1655 | M284: Marita | N284: Fabián Pizarro | O284: 1128616640 | P284: fabianpizarromarita@gmail.com | U284: - | V284: 4 | W284: 1 | X284: TD | Y284: CSM | Z284: Lignini, Silvina Fernanda | AA284: https://docs.google.com/spreadsheets/d/15BP5pihWRoAvUgXVPZBwAr_EtnvVd_XPrQyBwhpUl9k/edit?usp=drivesdk | AB284: https://drive.google.com/drive/folders/1VtbC3ANLqCxXDw_BqR_SHYEELqpyy98u
A285: 46141.471 | B285: Martel Fabian | C285: Nadia | D285: 47938284 | E285: ARGENTINA | F285: 23/07/2007 | G285: MARTEL.NADIA.ET21.23@GMAIL.COM | H285: NADIAM284@ALU.BUE.EDU.AR | I285: CIUDAD DE BS AS | J285: SAN MARTIN | K285: ANDRES LAMAS 8869 | L285: 1650 | M285: MARITA | N285: FABIAN | O285: 1128616640 | P285: FABIANPIZARROMARITA@GMAIL.COM | U285: NADA | V285: 6 | W285: 1 | X285: TD | Y285: CSM | Z285: Rizzo, Tamara | AA285: https://docs.google.com/spreadsheets/d/1wNHux6gRQp6oyM5_dFNLS4VeNGokLWt-ZBLVUp7Rrvk/edit?usp=drivesdk | AB285: https://drive.google.com/drive/folders/1VtbC3ANLqCxXDw_BqR_SHYEELqpyy98u
A286: 46134.372 | B286: Martin | C286: Vito | D286: 49194880 | E286: Argentina | F286: 20/01/2009 | G286: martin.vito.et21.22@gmail.com | H286: @alu.bue.edu.ar | I286: CABA | J286: Saavedra | K286: Ramallo 2360 | L286: 1429 | M286: Cristian | N286: Martin | O286: 11 6954 3835 | P286: ventausado3102@gmail.com | V286: 5 | W286: 1 | X286: TD | Y286: CSC | Z286: Mitingay, Dardo Antonio | AA286: https://docs.google.com/spreadsheets/d/1qPC24VtnV2C-Dhct518KwqXvnqmV1oSq_IVOeA6Vt0w/edit?usp=drivesdk | AB286: https://drive.google.com/drive/folders/1VtbC3ANLqCxXDw_BqR_SHYEELqpyy98u
A287: 46112.455 | B287: Martinez | C287: Dante | D287: 52960327 | E287: Argentina | F287: 17/02/2013 | G287: Martinez.dante.et21.26@gmail.com | H287: @alu.bue.edu.ar | I287: CABA | J287: Villa Martelli | K287: General Las Heras 3686 | L287: 1603 | M287: Carolina | N287: Contreras | O287: 1168910434 | P287: ccc8caro@gmail.com | S287: 1124928250 | U287: No | V287: 1 | W287: 1 | X287: TD | Y287: CB | Z287: Balor, Verónica | AA287: https://docs.google.com/spreadsheets/d/1lPKgpKgkcnjhbfwUnZeGvZ2q0KHfF3m_KPUuYKTpvDU/edit?usp=drivesdk | AB287: https://drive.google.com/drive/folders/1VtbC3ANLqCxXDw_BqR_SHYEELqpyy98u
A288: 46136.613 | B288: Martinez | C288: Franco | D288: 51222019 | E288: Argentina | F288: 19/07/2011 | G288: martinez.franco.et21.25@gmail.com | H288: francomartinez@alu.edu.ar | I288: CABA | J288: Pcia.Bs. As. | K288: Las Heras 3686 | L288: 1602 | M288: Carolina | N288: Contreras | O288: 1168910434 | P288: ccc8caro@gmail.com | V288: 2 | W288: 6 | X288: TD | Y288: CB | Z288: Larretape, Mariano | AA288: https://docs.google.com/spreadsheets/d/1yFPSqF5FxurYxLK-hQWn6PUDDXnROxT6HcpBaFy-5X4/edit?usp=drivesdk | AB288: https://drive.google.com/drive/folders/1VtbC3ANLqCxXDw_BqR_SHYEELqpyy98u
A289: 46139.664 | B289: Martinez Costa | C289: Uma | D289: 52.718.220 | E289: Argentina | F289: 28/08/2012 | G289: martinezcosta.uma.et21.26@gmail.com | H289: - | I289: Buenos Aires | J289: Buenos Aires | K289: BUENOS AIRES | L289: 1430 | M289: , Alejandra Evelin | N289: COSTA | O289: 1132503087 (Madre) | P289: alejandraecosta@gmail.com | V289: 1 | W289: 7 | X289: TD | Y289: CB | Z289: Frías, Pablo Alberto | AA289: https://docs.google.com/spreadsheets/d/1fW-QgMHYMgroUc2aFXa32bBebR-Z-Zm2Qc5ox8p0PwU/edit?usp=drivesdk | AB289: https://drive.google.com/drive/folders/1VtbC3ANLqCxXDw_BqR_SHYEELqpyy98u
A290: 46141.809 | B290: Martinez nuñez | C290: Santiago | D290: 48183818 | E290: Argentina | F290: 39181 | G290: santiago.martinez.et21.21@gmail.com | H290: santiago.martinez.et21.21@gmail.com | I290: CABA | J290: CABA | K290: Neuquen | L290: 1405 | M290: Leticia | N290: Nuñez Bustos | O290: 11 2308 1655 | P290: nblety@gmail.com | V290: 6 | W290: 1 | X290: TN | Y290: CSC | Z290: Arosa, Mariangeles | AA290: https://docs.google.com/spreadsheets/d/1pbj5VSSwAXqtDFo-1wcxma7PlatVzio1i74FMO2xBqk/edit?usp=drivesdk | AB290: https://drive.google.com/drive/folders/1VtbC3ANLqCxXDw_BqR_SHYEELqpyy98u
A291: 46133.684 | B291: Mateos | C291: Julián | D291: 48861125 | E291: Argentina | F291: 39700 | G291: mateos.julian.et21.22@gmail.com | H291: mateosjulian499@gmail.com | I291: CABA | J291: CABA | K291: Dr Pedro Rivera 3478 | L291: 1430 | M291: Carlos Alberto | N291: Mateos | O291: 1140700088 | P291: arqcarlosmateos@gmail.com | Q291: Ana María | R291: Kettle | S291: 1151772057 | T291: anamaria.kettle@gmail.com | V291: 5 | W291: 1 | X291: TD | Y291: CSM | Z291: FABBIAN HERNÁN | AA291: https://docs.google.com/spreadsheets/d/1XxP6MUZHQnHKs188DQw31evbMmtMdNsDCO-RHGDhpDM/edit?usp=drivesdk | AB291: https://drive.google.com/drive/folders/1VtbC3ANLqCxXDw_BqR_SHYEELqpyy98u
A292: 46113.008 | B292: Maximov Lambre | C292: Ivan | D292: 52957876 | E292: Argentino | F292: 24/01/2013 | G292: maximov.ivan.et21.26@gmail.com | H292: @alu.bue.edu.ar | I292: CABA | J292: CABA | K292: CABA | L292: 1234 | M292: Georgina | N292: Lambre (Madre) | O292: 1155841003 | P292: georginalambre@gmail.com | V292: 1 | W292: 3 | X292: TD | Y292: CB | Z292: Aloma, Norma Mabel | AA292: https://docs.google.com/spreadsheets/d/1jiqPUKjcYxN__ISkl4hWaiXdM2k3eBcbU1SYPZKJk_Y/edit?usp=drivesdk | AB292: https://drive.google.com/drive/folders/1VtbC3ANLqCxXDw_BqR_SHYEELqpyy98u
A293: 46125.846 | B293: Mayorga | C293: Mateo | D293: 51268274 | E293: Argentino | F293: 15/07/2011 | G293: mayorga.mateo.et21.25@gmail.com | H293: aliu@com | I293: CABA | J293: Bs As (Vte Lopez) | K293: NO | L293: NO | M293: Nadina | N293: Forbes | O293: 1559479059 (Madre) | P293: mayo7@hotmail.com | S293: 1564576754 (Padre) | U293: Corroborar mail si es de mamá o papá | V293: 2 | W293: 2 | X293: TD | Y293: CB | Z293: García Osorio, Patricia | AA293: https://docs.google.com/spreadsheets/d/1RSzADnKOJwF_fOi20iQHn1JQAtCcpmdSV5b-Re1Thpk/edit?usp=drivesdk | AB293: https://drive.google.com/drive/folders/1VtbC3ANLqCxXDw_BqR_SHYEELqpyy98u
A294: 46135.446 | B294: Medela | C294: Demian | D294: 48639931 | E294: Argentina | F294: 23/05/2008 | G294: demian.medela.et21.21@gmail.com | H294: @alu.bue.edu.ar | I294: Provincia de Buenos Aires | J294: Vicente Lopez | K294: Lavalle 1494 | L294: 1638 | M294: Nadia | N294: Herrera | O294: =#error! -> #NAME? | P294: nadixher@gmail.com | V294: 6 | W294: 1 | X294: TD | Y294: CSC | Z294: Miranda, Gabriel | AA294: https://docs.google.com/spreadsheets/d/1GchOe5ZDJOYV-FjQvMjZ9O58ErS3sIPM79bdWESJLd0/edit?usp=drivesdk | AB294: https://drive.google.com/drive/folders/1VtbC3ANLqCxXDw_BqR_SHYEELqpyy98u
A295: 46128.451 | B295: Medina | C295: Enzo Gabriel | D295: 52.392.183 | E295: Argentino | F295: 24/04/2012 | G295: medina.enzo.et21.25@gmail.com | H295: ALU@G | I295: Bs As (Avellaneda) | J295: CABA | K295: NO | L295: NO | M295: Lucia | N295: Martínez Monzon | O295: 1161550385 (Madre) | P295: luciamartinezmm2010@gmail.com | S295: 1544770066 (Hermano) | V295: 2 | W295: 2 | X295: TD | Y295: CB | Z295: García Osorio, Patricia | AA295: https://docs.google.com/spreadsheets/d/1Ott0wQ9Tx-I_NXsA1bOB524S3AGJDI79aal9ZUtXKEg/edit?usp=drivesdk | AB295: https://drive.google.com/drive/folders/1VtbC3ANLqCxXDw_BqR_SHYEELqpyy98u
A296: 46140.402 | B296: Medio | C296: Mia Jazmin | D296: 50436047 | E296: Argentina | F296: 17/07/10 | G296: mia.medio.et21.24@gmail.com | H296: @alu.bue.edu.ar | I296: CABA | J296: Saavedra | K296: Holmberg 3709 | L296: 1430 | M296: Maria de los Angeles | N296: Chianelli | O296: 1168542306 | P296: mari.medi@hotmail.com | V296: 3 | W296: 1 | X296: TD | Y296: CB | Z296: Marmisolle, Pamela | AA296: https://docs.google.com/spreadsheets/d/1huC_MgOf8j1WxV5IJZG-BeYOt3cqiNV2HRIG6b8iTMQ/edit?usp=drivesdk | AB296: https://drive.google.com/drive/folders/1VtbC3ANLqCxXDw_BqR_SHYEELqpyy98u
A297: 46133.603 | B297: Medovoy | C297: Juanse | D297: 50298171 | E297: Argentino | F297: 14/08/10 | G297: medovoy.juanse.et21.24@gmail.com | H297: juanm8171@alu.bue.edu.ar | I297: Buenps Aires | J297: Avellaneda | K297: Solier 4480 | L297: 4480 | M297: Carina | N297: Barrios | O297: 11 63045647 | P297: caribariios1@hotgmail.com | Q297: Mariano | R297: Rabinovich | S297: 11 44203556 | T297: marmaruno@hotmail.com | V297: 3 | W297: 3 | X297: TD | Y297: CB | Z297: Coronel, Paola | AA297: https://docs.google.com/spreadsheets/d/1eTtePbXk7Jv4L-QYt5vF1LacRk-74w9iNlUkU224uyc/edit?usp=drivesdk | AB297: https://drive.google.com/drive/folders/1VtbC3ANLqCxXDw_BqR_SHYEELqpyy98u
A298: 46140.452 | B298: Meijide | C298: Federico | D298: 51265432 | E298: argentina | F298: 16/6/2011 | G298: meijide.federico.et21.24@gmail.com | H298: federicom432@alu.bue.edu.ar | I298: CABA | J298: villa urquiza | K298: burela 3547 | L298: 1431 | M298: adriana | N298: vanin | O298: 11 5454 5072 | P298: adrianamvanin@gmail.com | Q298: fernando | R298: meijide | S298: 11 5765 1929 | T298: fernandomei@yahoo.com.ar | U298: nada que agregar | V298: 3 | W298: 3 | X298: TD | Y298: CB | Z298: Carnero, Silvia | AA298: https://docs.google.com/spreadsheets/d/1RkAiQwijw4CMoxCWkLLUnGQwOCGa75RliqxWpZYwM5c/edit?usp=drivesdk | AB298: https://drive.google.com/drive/folders/1VtbC3ANLqCxXDw_BqR_SHYEELqpyy98u
A299: 46133.677 | B299: Meijide García | C299: Nicolás | D299: 49434195 | E299: Argentino | F299: 13/5/2009 | G299: meijide.nicolas.et21.22@gmail.com | H299: NicolasM195@alu.bue.edu.ar | I299: CABA | J299: Villa Urquiza | K299: Burela 3547 | L299: 1431 | M299: Adriana | N299: Vanin | O299: =#error! -> #NAME? | P299: adrianamvanin@gmail.com | Q299: Fernando | R299: Meijide García | S299: =#error! -> #NAME? | T299: fernandomei@yahoo.com.ar | V299: 5 | W299: 1 | X299: TD | Y299: CSC | Z299: Rodriguez, Leopoldo | AA299: https://docs.google.com/spreadsheets/d/1wrUF9DSTGIjbnck7VgcgxymnZzjjIMlgznMrAP-FzEw/edit?usp=drivesdk | AB299: https://drive.google.com/drive/folders/1VtbC3ANLqCxXDw_BqR_SHYEELqpyy98u
A300: 46113.479 | B300: Miceli | C300: Benicio Jeronimo | D300: 52772771 | E300: SIN DATOS | F300: 13/05/2012 | G300: miceli.benicio.et21.25@gmail.com | H300: beniciom2771@alu.bue.edu.ar | I300: SIN DATOS | J300: SIN DATOS | K300: SIN DATOS | L300: SIN DATOS | M300: Maria Eva | N300: Anitua | O300: SIN DATOS | P300: SIN DATOS | V300: 2 | W300: 1 | X300: TD | Y300: CB | Z300: Acosta Eduardo | AA300: https://docs.google.com/spreadsheets/d/11-oDXS_a5r43wB7Hz3shISL713b1YJxudrqgBwYfcyM/edit?usp=drivesdk | AB300: https://drive.google.com/drive/folders/1VtbC3ANLqCxXDw_BqR_SHYEELqpyy98u
A301: 46126.694 | B301: Miculan (Bruzzo) | C301: Ian | D301: 52162966 | E301: ARGNEITNO | F301: 41093 | G301: bruzzo.ian.et21.26@gmail.com | H301: bruzzo.ian.et21.26@gmail.com | I301: BS AS | J301: VILLA MAIPU | K301: FRENCH 1435 | L301: A | M301: DANIELA ESTER | N301: BRUZZO | O301: 1564819146 | P301: A | V301: 2 | W301: 4 | X301: TD | Y301: CB | Z301: D´Alessandro, Andreina | AA301: https://docs.google.com/spreadsheets/d/1mp4IsyqsEVigw4_deuKMyuY86vdIq23HP-J2H8ZwKuY/edit?usp=drivesdk | AB301: https://drive.google.com/drive/folders/1VtbC3ANLqCxXDw_BqR_SHYEELqpyy98u
A302: 46128.457 | B302: Migliaro | C302: Felipe | D302: 50701523 | E302: Argentina | F302: 40369 | G302: migliaro.felipe.et21.24@gmail.com | H302: felipem523@alu.bue.edu.ar | I302: Pcia de BsAs | J302: Florida | K302: Melo 2610 | L302: 1602 | M302: Pablo | N302: Migliaro | O302: 11 6832-7955 | P302: pmigliaro76@gmail.com | U302: No | V302: 3 | W302: 3 | X302: TD | Y302: CB | Z302: Carnero, Silvia | AA302: https://docs.google.com/spreadsheets/d/1x6miuEUft3JgKBjnaTfzUDbOTJMGIPcQO2UOMU9VBnE/edit?usp=drivesdk | AB302: https://drive.google.com/drive/folders/1VtbC3ANLqCxXDw_BqR_SHYEELqpyy98u
A303: 46128.471 | B303: Moauro | C303: Benjamin | D303: 50906804 | E303: argentino | F303: 26/01/2011 | G303: moauro.benja.et21.24@gmail.com | H303: moauro.benja.et21.24@gmail.com | I303: CABA | J303: belgrano r | K303: monroe 3226 | L303: 1428 | M303: carola | N303: bolla agrelo | O303: 1140897128 | P303: cbabochi@yahoo.com | V303: 3 | W303: 3 | X303: TD | Y303: CB | Z303: Carnero, Silvia | AA303: https://docs.google.com/spreadsheets/d/119l5BK7Omy96HaMZtOXBZk9vGxGoXFCkRAWeKLOotRA/edit?usp=drivesdk | AB303: https://drive.google.com/drive/folders/1VtbC3ANLqCxXDw_BqR_SHYEELqpyy98u
A304: 46135.451 | B304: Moauro | C304: Santino | D304: 49092416 | E304: argentino | F304: 31/10/2008 | G304: moauro.santino.et21.22@gmail.com | H304: @alu.bue.ar | I304: CABA, buenos aires | J304: Belgrano | K304: av monroe 3226 | L304: 1428 | M304: carola | N304: bolla agrelo | O304: =#error! -> #NAME? | P304: cbabochi@gmail.com | V304: 5 | W304: 1 | X304: TD | Y304: CSC | Z304: Rodriguez, Leopoldo | AA304: https://docs.google.com/spreadsheets/d/1cJ5ZimMP0s8EY0p6HWOTcrBNAfCjmcfsGia7HzHhM7M/edit?usp=drivesdk | AB304: https://drive.google.com/drive/folders/1VtbC3ANLqCxXDw_BqR_SHYEELqpyy98u
A305: 46132.821 | B305: Molina | C305: Luis Antonio | D305: 28992763 | E305: Argentino | F305: 23/08/1981 | G305: molina.luis.et21.26@gmail.com | H305: molinalucho1981@gmail.com | I305: caba | J305: caba | K305: romulo naon 3553 | L305: 1430 | M305: Luis | N305: Molina | O305: 1130189621 | P305: molinalucho1981@gmail.com | V305: 2 | W305: 5 | X305: TN | Y305: CB | Z305: Spuches, Marina | AA305: https://docs.google.com/spreadsheets/d/1OFsp4Ea1Oaxxji-NC2uzqZFBZyb_KgcXGhQCHm4N-Y8/edit?usp=drivesdk | AB305: https://drive.google.com/drive/folders/1VtbC3ANLqCxXDw_BqR_SHYEELqpyy98u
A306: 46113.457 | B306: Molina | C306: Santino Tahiel | D306: 53245973 | E306: SIN DATO | F306: 41311 | G306: molina.santino.et21.26@gmail.com | H306: SIN DATO | I306: CABA | J306: SIN DATO | K306: SIN DATO | L306: SIN DATO | M306: SIN DATO | N306: SIN DATO | O306: 1157605706 (Madre) | P306: claudiasantino123@gmail.com | Q306: SIN DATO | R306: SIN DATO | S306: 1140902346 (Padre) | T306: SIN DATO | U306: SIN DATO | V306: 1 | W306: 2 | X306: TD | Y306: CB | Z306: Acosta Eduardo | AA306: https://docs.google.com/spreadsheets/d/1XH9hYetTGR07ivrJXYGBgC45lN_K9aVqQf2g49lk3jY/edit?usp=drivesdk | AB306: https://drive.google.com/drive/folders/1VtbC3ANLqCxXDw_BqR_SHYEELqpyy98u
A307: 46120.495 | B307: Molina | C307: Tomás | D307: 52168111 | E307: Argentina | F307: 13/05/12 | G307: molina.tomas.et21.25@gmail.com | H307: molina.tomas.et21.25@gmail.com | I307: Provincia de BS. As. | J307: Vicente López | K307: Corroborar con alumno | L307: Corroborar con alumno | M307: María Florencia | N307: Cruz | O307: 1125351131 | P307: florencia76@hotmail.com | Q307: Martin | R307: Molina | S307: 1127371245 | T307: martinhmolina@hotmail.com | V307: 2 | W307: 6 | X307: TD | Y307: CB | Z307: Prats, Alejandro | AA307: https://docs.google.com/spreadsheets/d/1TAzXdbqax74l9_C8JtUTMr1fOpDBWogiZpMOrOHtciw/edit?usp=drivesdk | AB307: https://drive.google.com/drive/folders/1VtbC3ANLqCxXDw_BqR_SHYEELqpyy98u
A308: 46135.424 | B308: Montenegro | C308: Thiago | D308: 49434522 | E308: Argentina | F308: 39936 | G308: thiago.montenegro.et21.22@gmail.com | H308: thiagom522@alu.bue.edu.ar | I308: CABA | J308: Villa Urquiza | K308: Holmberg 3435 | L308: 1430 | M308: Gustavo | N308: Montenegro | O308: =#error! -> #NAME? | P308: montenegro.gustavo@hotmail.com | Q308: Vanina | R308: Rivera | S308: =#error! -> #NAME? | T308: rivera_vanina@hotmail.com | V308: 5 | W308: 1 | X308: TD | Y308: CSC | Z308: Rodriguez, Leopoldo | AA308: https://docs.google.com/spreadsheets/d/1B9xeOaFvKIpbYMrCvdFDveMKqqjS2DmO3r23wmX4ulQ/edit?usp=drivesdk | AB308: https://drive.google.com/drive/folders/1VtbC3ANLqCxXDw_BqR_SHYEELqpyy98u
A309: 46113.525 | B309: Montenegro Villagran | C309: Tomas Agustin | D309: 52166202 | E309: SIN DATOS | F309: 19/02/2012 | G309: montenegro.tomas.et21.25@gmail.com | H309: tomasm202@alu.bue.edu.ar | I309: SIN DATOS | J309: SIN DATOS | K309: SIN DATOS | L309: SIN DATOS | M309: Maria Eva | N309: Anitua | O309: SIN DATOS | P309: SIN DATOS | V309: 2 | W309: 1 | X309: TD | Y309: CB | Z309: Acosta Eduardo | AA309: https://docs.google.com/spreadsheets/d/1Lgo7A3ytcSl-XDy8EtaLjestmK2MUx5RbhQzHg6xR7M/edit?usp=drivesdk | AB309: https://drive.google.com/drive/folders/1VtbC3ANLqCxXDw_BqR_SHYEELqpyy98u
A310: 46113.767 | B310: Montes Barthel | C310: Emma | D310: 52142509 | E310: Argentina | F310: 41062 | G310: montes.emma.et21.25@gmail.com | H310: emmam509@alu.bue.edu.ar | I310: CABA | J310: CABA | K310: Roque Pérez 4385 | L310: 1430 | M310: Paula | N310: Carbajales | O310: SIN DATOS | P310: SIN DATOS | V310: 2 | W310: 1 | X310: TD | Y310: CB | Z310: Carbajales, Paula | AA310: https://docs.google.com/spreadsheets/d/13n_q08Z6OAcMtTTUQLS5S8_hvy-p4-mYK9iFhcOg4jI/edit?usp=drivesdk | AB310: https://drive.google.com/drive/folders/1VtbC3ANLqCxXDw_BqR_SHYEELqpyy98u
A311: 46132.458 | B311: Montes Barthel | C311: Julián | D311: 50257564 | E311: Argentina | F311: 20/4/26 | G311: julian.momtes.et21.23@gmail.com | H311: julianmontbarth@gmail.com | I311: CABA | J311: CGP12, Saavedra | K311: Roque Pérez 4385 | L311: 1430 | M311: Mario Omar | N311: Montes | O311: =#error! -> #NAME? | P311: montesmarioomar@gmail.com | Q311: Carla Romina | R311: Romina | S311: =#error! -> #NAME? | T311: crbarthel2@gmail.com | U311: - | V311: 4 | W311: 1 | X311: TD | Y311: CSM | Z311: Rondo Condori, Alejandro | AA311: https://docs.google.com/spreadsheets/d/1CCTVSLoo0dQJjWiUtcmTT3MVCxAcWuoDLlm2SNjR6Cs/edit?usp=drivesdk | AB311: https://drive.google.com/drive/folders/1VtbC3ANLqCxXDw_BqR_SHYEELqpyy98u
A312: 46119.69 | B312: Morales | C312: Eliseo Emanuel | D312: 52924767 | E312: Argentina | F312: 41396 | G312: morales.eliseo.et21.26@gmail.com | H312: alu.com.ar | I312: AMBA | J312: Tres de febrero | K312: Tres de febrero | L312: 1430 | M312: Yesica Natalia | N312: Loyola | O312: 1132655156 | P312: natyloyola0906@gmail.com | V312: 1 | W312: 4 | X312: TD | Y312: CB | Z312: González Novarin, Johanna | AA312: https://docs.google.com/spreadsheets/d/1o9RhcQFydAAZsQffbIxgdXOfMTdho_SFBmrLCBLbp4M/edit?usp=drivesdk | AB312: https://drive.google.com/drive/folders/1VtbC3ANLqCxXDw_BqR_SHYEELqpyy98u
A313: 46133.69 | B313: Morales Arrieta | C313: Lucas Benjamin | D313: 49121655 | E313: Argentina | F313: 39720 | G313: arrieta.lucas.et21.26@gmail.com | H313: lucas.arrietaet36@gmail.com | I313: CABA | J313: CABA | K313: Joaquín v Gonzáles | L313: 1419 | M313: Laura | N313: Arrieta | O313: 1539477967 | P313: lau.arrieta37@gmail.com | V313: 5 | W313: 1 | X313: TD | Y313: CSM | Z313: Torres, Carlos Alberto | AA313: https://docs.google.com/spreadsheets/d/15nvRm8SN0QXHNVbvydKe1MMzMqkjiNQ51eJHmHwRofk/edit?usp=drivesdk | AB313: https://drive.google.com/drive/folders/1oVZYT1yPNZnXLNdlHXbF_6MVref3-L-C
A314: 46113.904 | B314: Morel Landero | C314: Agustin | D314: 52761367 | E314: ARGENTINO | F314: 41223 | G314: agustin.morel.et21.26@gmail.com | H314: Agustinm367@alu.bue.edu.ar | I314: CABA | J314: Serrano | K314: Serrano 439 | L314: 1414 | M314: María | N314: Landeo | O314: 1163367578 | P314: Mary_nery26@hotmail.com | Q314: Desiderio | R314: Morel | S314: 11 5583 6127 | T314: Desideriomorel123@gmail.com | U314: iPod acustico | V314: 1 | W314: 1 | X314: TD | Y314: CB | Z314: Coronel, Paola | AA314: https://docs.google.com/spreadsheets/d/1DHXE418ezPiY4OpwKRVA_o3x8KP3Xq6vzYbFFU9NqHg/edit?usp=drivesdk | AB314: https://drive.google.com/drive/folders/1VtbC3ANLqCxXDw_BqR_SHYEELqpyy98u
A315: 46132.673 | B315: Muñoz | C315: Santino Martin | D315: 52193112 | E315: argentina | F315: 41154 | G315: matias.munoz.et21.25@gmail.com | H315: NN | I315: CABA | J315: CABA | K315: NN | L315: NN | M315: Verónica | N315: Balor | O315: 1133702709 | P315: veronicaa.balor@bue.edu.ar | V315: 2 | W315: 2 | X315: TD | Y315: CB | Z315: Balor, Verónica | AA315: https://docs.google.com/spreadsheets/d/1W2muwJnu5kh01ooEdoJlpJgZaHZQQcmWPgznCNBhG9g/edit?usp=drivesdk | AB315: https://drive.google.com/drive/folders/1VtbC3ANLqCxXDw_BqR_SHYEELqpyy98u
A316: 46113.464 | B316: Naftilsan Sobrino | C316: Teo | D316: 53088780 | E316: Argentina | F316: 41458 | G316: nsobrino.teo.et21.26@gmail.com | H316: SIN DATO | I316: Buenos Aires, Caba | J316: V.pueyrredon | K316: Bazurco 3105 dto C | L316: 1419 | M316: Marina Ivana | N316: Sobrino | O316: 1136479247 | P316: marinasobrino1@gmail.com | Q316: Gustavo Daniel | R316: Naftilsan | S316: =#error! -> #NAME? | T316: gustavoalepersonal@gmail.com | U316: SIN DATO | V316: 1 | W316: 2 | X316: TD | Y316: CB | Z316: Acosta Eduardo | AA316: https://docs.google.com/spreadsheets/d/1_lKnNM6675jXTqnwO-xalNym3PC-gE_s3hTW4RofBzc/edit?usp=drivesdk | AB316: https://drive.google.com/drive/folders/1j9L8oBZXmaOQ0PzTDKoEtrX_qLU0c-GO
A317: 46129.399 | B317: Neumann | C317: Esteban | D317: 49553084 | E317: Argentina | F317: 14/08/2010 | G317: esteban.neumann.et21.24@gmail.com | H317: @alu.bue.edu.ar | I317: CABA | J317: CABA, Coghlan | K317: Melian2738 | L317: 1430 | M317: Betina | N317: Ragni | O317: 11 6808-8304 | P317: betinaragni@yahoo.com.ar | Q317: Adrian | R317: Neumann | S317: 11 3030-5376 | T317: raneumann02@yahoo.com.ar | U317: Brackets | V317: 3 | W317: 3 | X317: TD | Y317: CB | Z317: Rodriguez, Leopoldo | AA317: https://docs.google.com/spreadsheets/d/1f5opm4E-vL9iaQuDM8PkKgFWCCsSFr6Bdb0Y1Cvm37U/edit?usp=drivesdk | AB317: https://drive.google.com/drive/folders/1j9L8oBZXmaOQ0PzTDKoEtrX_qLU0c-GO
A318: 46139.674 | B318: Noel | C318: Lisandro | D318: 53237214 | E318: argentina | F318: 22/4/2013 | G318: noel.lisandro.et21.26@gmail.com | H318: - | I318: caba | J318: caba | K318: caba | L318: 1430 | M318: Gabriela | N318: arrato | O318: 1150081166 | P318: gabriela.aratto@gmail.com | V318: 1 | W318: 7 | X318: TD | Y318: CB | Z318: Frías, Pablo Alberto | AA318: https://docs.google.com/spreadsheets/d/1kPwxOdwYH6R5xb5fl40Awvh87iVuA1pg4194idzq3wM/edit?usp=drivesdk | AB318: https://drive.google.com/drive/folders/1j9L8oBZXmaOQ0PzTDKoEtrX_qLU0c-GO
A319: 46120.451 | B319: Nuñez | C319: Aylen | D319: 51433389 | E319: Argentina | F319: 18/08/11 | G319: nunca.aylen.et21.25@gmail.com | H319: aylendai876@gmail.com | I319: CABA | J319: CABA | K319: Corroborar con alumna | L319: Corroborar con alumna | M319: Perla | N319: Britez | O319: 1130276512 | P319: britezperla716@gmail.com | Q319: Papá | S319: 1132439792 | V319: 2 | W319: 6 | X319: TD | Y319: CB | Z319: Prats, Alejandro | AA319: https://docs.google.com/spreadsheets/d/1kvUq8Ds4ngWP_pAaZ-oHQcrJojLcCr3lUXIVPzevKYM/edit?usp=drivesdk | AB319: https://drive.google.com/drive/folders/1j9L8oBZXmaOQ0PzTDKoEtrX_qLU0c-GO
A320: 46127.421 | B320: Nuñez Barral | C320: Delfina | D320: 50512054 | E320: Argentina | F320: 26/08/2010 | G320: delfi.barral.et21.24@gmail.com | H320: @alu.web.edu.ar | I320: Provincia de Bs As | J320: San Martin | K320: Julio a. roca 1690 | L320: 1650 | M320: Leonardo Esteban | N320: Nuñez | O320: 1141417922 | P320: leonardoestebanapm@gmail.com | Q320: Maria Jose | R320: Barral | S320: 1165947922 | T320: mariajosebarralpsi@gmail.com | V320: 3 | W320: 1 | X320: TD | Y320: CB | Z320: Cuiñas,Carolina | AA320: https://docs.google.com/spreadsheets/d/1MlYb9dqKaqY4ZphSazt1QHURgZ0VbkQXhBR-VtZszR8/edit?usp=drivesdk | AB320: https://drive.google.com/drive/folders/1j9L8oBZXmaOQ0PzTDKoEtrX_qLU0c-GO
A321: 46133.677 | B321: Nuñez Barral | C321: Joaquin | D321: 48801746 | E321: Argentino | F321: 39514 | G321: joaco.nunez.et21.22@gmail.com | H321: joaco.nunez.et21.22@gmail.com | I321: San martin | J321: Villa maipu | K321: J.a. roca 1690 | L321: 1650 | M321: Leonardo | N321: Nuñez | O321: 1141417922 | P321: Leonardoestebanapm@gmail.com | Q321: Maria jose | R321: Barral | S321: 1165947922 | T321: Mariajosebarralpsi@gmail.com | V321: 5 | W321: 1 | X321: TD | Y321: CSM | Z321: PAWLIK ADRIAN | AA321: https://docs.google.com/spreadsheets/d/18rTP3CkhSXunrWrUwlcu_6wTvGZuwbzCsW6CXR9McBA/edit?usp=drivesdk | AB321: https://drive.google.com/drive/folders/1j9L8oBZXmaOQ0PzTDKoEtrX_qLU0c-GO
A322: 46133.681 | B322: Nuñez Obermeister | C322: Celeste Magali | D322: 49190135 | E322: Argentina | F322: 28/11/2008 | G322: celeste.nunez.et21.22@gmail.com | H322: celeste.nunez.et21.22@gmail.com | I322: CABA | J322: Saavedra | K322: Amenabar 3672 | L322: 1429 | M322: Julio | N322: Obermeister | O322: 1144068734 | P322: julio.+ | V322: 5 | W322: 1 | X322: TD | Y322: CSM | Z322: D´Alessandro, Andreina | AA322: https://docs.google.com/spreadsheets/d/1LZQISbA30mTolvZxaUH3FHtsvWoEWnQnZGi7GnodYhA/edit?usp=drivesdk | AB322: https://drive.google.com/drive/folders/1j9L8oBZXmaOQ0PzTDKoEtrX_qLU0c-GO
A323: 46132.825 | B323: Nuñez Ortiz | C323: Valentina Iara | D323: 49699136 | E323: Argentina | F323: 14/08/2009 | G323: ortiz.valentina.et21.26@gmail.com | H323: nuñez.valentina.et21.26@gmail.com | I323: caba | J323: caba | K323: amenabar 2235 | L323: 1428 | M323: Doris | N323: Ortiz Jaramillo | O323: 1169557676 | P323: dorisortiz300@gmail.com | V323: 2 | W323: 5 | X323: TN | Y323: CB | Z323: Spuches, Marina | AA323: https://docs.google.com/spreadsheets/d/1dKBmrnfdxO9k5pBAHKr9ENSCsr1Z5RBRXReVJWH-xRI/edit?usp=drivesdk | AB323: https://drive.google.com/drive/folders/1j9L8oBZXmaOQ0PzTDKoEtrX_qLU0c-GO
A324: 46135.43 | B324: Oberlander | C324: Roman gustavo | D324: 48674391 | E324: Argentina | F324: 18/04/2008 | G324: roman.oberlander.et21.22@gmail.com | H324: alu.bue.edu.ar | I324: Caba | J324: CABA | K324: Caracas 5458 | L324: 1419 | M324: Roman gustavo | N324: Oberlander | O324: 1131977567 | P324: Julieta.pelagatti@bue.edu.ar | U324: No tengo ninguna enfermedad/alergia | V324: 6 | W324: 1 | X324: TD | Y324: CSC | Z324: Miranda, Gabriel | AA324: https://docs.google.com/spreadsheets/d/1LT-S3YIi3MBVA8XCP1GUyRmd1UGorAMt9Qxt48BJ3-s/edit?usp=drivesdk | AB324: https://drive.google.com/drive/folders/1UqRtQlIJ0R-JyUKW5QIHAqCa5kIZ1LC1
A325: 46129.452 | B325: Ojcius | C325: Iván | D325: 49926517 | E325: Argentino | F325: 39975 | G325: ojcius.ivan.et21.23@gmail.com | H325: @alu.bue.edu.ar | I325: Provincia de Buenos Aires | J325: Vicente López | K325: José Mármol 3327 | L325: 1603 | M325: Carla | N325: Spazzali | O325: 5740-0883 | P325: carla.spazzali@gmail.com | Q325: Jorge | R325: Ojcius | S325: 2831-8001 | T325: ojcius@gmail.com | U325: No padezco ningún problema de salud crónico. | V325: 4 | W325: 1 | X325: TD | Y325: CSC | Z325: Carbajales, Paula | AA325: https://docs.google.com/spreadsheets/d/1o12NOonwikVuemLTBjo6zqEv1MCOX0tXkHIC6u4E2mc/edit?usp=drivesdk | AB325: https://drive.google.com/drive/folders/1UqRtQlIJ0R-JyUKW5QIHAqCa5kIZ1LC1
A326: 46129.454 | B326: Ojcius | C326: Matías | D326: 49926518 | E326: Argentino | F326: 39975 | G326: ojcius.matias.et21.23@gmail.com | H326: @alu.bue.edu.ar | I326: Vicente López, Provincia de Bs.As | J326: Villa Martelli | K326: José Marmol 3327 | L326: 1603 | M326: Carla | N326: Spazzali | O326: 11 5740 0883 | P326: carla.spazzali@gmail.com | Q326: Jorge Ricardo | R326: Ojcius | S326: 11 2831 8001 | T326: ojcius@gmail.com | U326: No padezco ningún problema de salud crónico. | V326: 4 | W326: 1 | X326: TD | Y326: CSC | Z326: Silva, Enrique Agustín | AA326: https://docs.google.com/spreadsheets/d/1WragKSyLcRelRTxPz8BMV6-CJQxA9Ip4QniJ4VIF5V0/edit?usp=drivesdk | AB326: https://drive.google.com/drive/folders/1UqRtQlIJ0R-JyUKW5QIHAqCa5kIZ1LC1
A327: 46113.836 | B327: Ojcius | C327: Lucia | D327: 52186585 | E327: argentina | F327: 41155 | G327: ojcius.lucia.et21.25@gmail.com | H327: luciao585@alu.bue.edu.ar | I327: caba | J327: villa martelli | K327: José Marmol 3327 | L327: 1603 | M327: Carla | N327: Spazzali | O327: 1157400883 | P327: carla.spazzali@gmail.com | Q327: 1528318001 (Padre) | U327: no | V327: 2 | W327: 3 | X327: TD | Y327: CB | Z327: Welesik,Gladis | AA327: https://docs.google.com/spreadsheets/d/1L5X09-5m7ehzFXIJH7G0H_aEjRcrcOlJi-HFK6pnZ4s/edit?usp=drivesdk | AB327: https://drive.google.com/drive/folders/1UqRtQlIJ0R-JyUKW5QIHAqCa5kIZ1LC1
A328: 46141.35 | B328: Ojeda | C328: Tiziano | D328: 51158061 | E328: ARGENTINA | F328: 17/0/2011 | G328: OJEDA.TIZIANO.ET21.24@GMAIL.COM | H328: TIZIANOO061@ALU.BUE.EDU.AR | I328: BS AS | J328: POLVORINES | K328: DANTE AHLIGERI 4654 | L328: 1615 | M328: LUIS | N328: OJEDA | O328: 1138406932 | P328: LUISHERNANOJEDA128@GMAIL.COM | V328: 3 | W328: 1 | X328: TD | Y328: CB | Z328: Carnero, Silvia | AA328: https://docs.google.com/spreadsheets/d/1PgtWFCcj7tINMEAi2PQ7zpPPn0c9FXCI9ehRMZY3ci8/edit?usp=drivesdk | AB328: https://drive.google.com/drive/folders/1UqRtQlIJ0R-JyUKW5QIHAqCa5kIZ1LC1
A329: 46113.467 | B329: Ojeda | C329: Alex Ian Ismael | D329: 52918076 | E329: Argentina | F329: 19/11/2012 | G329: Ojeda.alex.et21.26@gmail.com | H329: SIN DATO | I329: Bs As (San Martin) | J329: Los polvorines | K329: Baroni 854 | L329: 1613 | M329: SIN DATO | N329: SIN DATO | O329: 1122643981 (Madre) | P329: padillaestefaniaviviana1@gmail.com | Q329: SIN DATO | R329: SIN DATO | S329: 1138406932 (Padre) | T329: SIN DATO | U329: SIN DATO | V329: 1 | W329: 2 | X329: TD | Y329: CB | Z329: Coronel, Paola | AA329: https://docs.google.com/spreadsheets/d/1J26cxbK6XnljjUH7Uhn0p5gmeIxhDbHOTRluZ2RD1TI/edit?usp=drivesdk | AB329: https://drive.google.com/drive/folders/1UqRtQlIJ0R-JyUKW5QIHAqCa5kIZ1LC1
A330: 46153.92 | B330: Olivares | C330: Iara | D330: 39488895 | E330: Argentina | F330: 27/03/1996 | G330: Iara.olivares.et21.26@gmail.com | H330: Olivaresiara84@gmail.com | I330: Pcia de buenos aires | J330: San fernando | K330: Rastreador fournier 3110 | L330: 1645 | M330: Iara | N330: Olivares | O330: 1164475750 | P330: Olivaresiara84@gmail.com | V330: 4 | W330: 3 | X330: TN | Y330: CSM | Z330: Londero, Juan Ignacio | AA330: https://docs.google.com/spreadsheets/d/1-mQG9R7inD1mImn_pvVoDGnYC3TxBMbLWReTNMtJKs4/edit?usp=drivesdk | AB330: https://drive.google.com/drive/folders/1UqRtQlIJ0R-JyUKW5QIHAqCa5kIZ1LC1
A331: 46133.431 | B331: Ortega Franco | C331: Amanda | D331: 50324246 | E331: Argentina | F331: 40243 | G331: amanda.ortegafranco.et21.23@gmail.com | H331: amandao246@alu.bue.edu.ar | I331: CABA | J331: Belgrano | K331: Doctor Pedro Ignacio Rivera 2858 | L331: 1428 | M331: Maria Lucila | N331: Franco | O331: 1141664393 | P331: mlucilafranco@gmail.com | Q331: Marcos | R331: Ortega Ribes | S331: 1136127425 | T331: opelka1@hotmal.com | U331: Completa | V331: 4 | W331: 1 | X331: TD | Y331: CSC | Z331: Pereira, Máximo Ariel | AA331: https://docs.google.com/spreadsheets/d/19FT1mmDIPWFSNIHhRAsR4vgJX2CqroX2ODX-Vd9fxCY/edit?usp=drivesdk | AB331: https://drive.google.com/drive/folders/1UqRtQlIJ0R-JyUKW5QIHAqCa5kIZ1LC1
A332: 46133.717 | B332: Oviedo | C332: Matias Benjamin | D332: 52035003 | E332: argentina | F332: 41187 | G332: oviedo.matias.et21.26@gmail.com | H332: nn | I332: caba | J332: caba | K332: caba | L332: caba | M332: Patricia | N332: Rodríguez | O332: 1166257213 (Madre) | P332: javieroviedo400@gmail.com | V332: 2 | X332: TN | Y332: CB | Z332: Méndez, Marcelo | AA332: https://docs.google.com/spreadsheets/d/1RNOv1VEs5SURFUemHrZKl4hjsU7R_n0XeEVu4wtx8HI/edit?usp=drivesdk | AB332: https://drive.google.com/drive/folders/1UqRtQlIJ0R-JyUKW5QIHAqCa5kIZ1LC1
A333: 46135.393 | B333: Padilla | C333: Daniela | D333: 48425536 | E333: Argentina | F333: 25/11/2007 | G333: daniela.padilla.et21.21@gmail.com | H333: danielap536@alu.bue.edu.ar | I333: BsAs | J333: Malvinas Argentina | K333: Baroni | L333: B1613FAQ | M333: Estefania Viviana | N333: Padilla | O333: 1122643981 | P333: padillaestefaniaviviana1@gmail.com | Q333: Luis Hernan | R333: Ojeda | S333: 1138406932 | T333: padillaestefaniaviviana1@gmail.com | V333: 6 | W333: 1 | X333: TD | Y333: CSM | Z333: Rizzo, Tamara | AA333: https://docs.google.com/spreadsheets/d/1nKtrBjKs4wMsSU-AQaDta2gyBmaFn_1V95-qF5suM4s/edit?usp=drivesdk | AB333: https://drive.google.com/drive/folders/1R7iz0gmoqTmV-yQLqAg8jz1_Gw7aNA2a
A334: 46113.531 | B334: Padilla | C334: Sebastian Andres | D334: 52767246 | E334: ARGENTINA | F334: 41072 | G334: padilla.andres.et21.26@gmail.com | H334: sebastianp246@alu.bue.edu.ar | I334: CABA | J334: SIN DATOS | K334: MACHAIN 3036 | L334: 1430 | M334: ANA JUDITH | N334: RAIJENSTEIN | O334: 15 56531634 | P334: ana.raijenstein@bue.edu.ar | Q334: CARLOS ALBERTO | R334: PADILLA | S334: 15 53172802 | T334: padilla@gmail.com | U334: NO | V334: 1 | W334: 5 | X334: TD | Y334: CB | Z334: Pérez, Yamila | AA334: https://docs.google.com/spreadsheets/d/1hhX6rorC79xwu0AoxwPpKGpcW_GJJN41kSRzUTFgHB8/edit?usp=drivesdk | AB334: https://drive.google.com/drive/folders/1R7iz0gmoqTmV-yQLqAg8jz1_Gw7aNA2a
A335: 46132.827 | B335: Pain | C335: Valeria Roxana | D335: 25642945 | E335: AREGNTINA | F335: 27190 | G335: ocaranza.martin.et21.26@gmail.com | H335: VALERIAPAINN.ET212025@GMAIL.COM | I335: CABA | J335: COMUNA 15 | K335: GINEBRA 3828 | L335: 1431 | M335: MARINA | N335: SPUCHES | O335: 1131107583 | P335: MARINA.SPUCHES@BUE.EDU.AR | V335: 2 | W335: 5 | X335: TN | Y335: CB | Z335: Spuches, Marina | AA335: https://docs.google.com/spreadsheets/d/1DAzJa8BWgp1Z1-LT4_8CvHzVh1tNqxNraPNd8rgKywg/edit?usp=drivesdk | AB335: https://drive.google.com/drive/folders/1R7iz0gmoqTmV-yQLqAg8jz1_Gw7aNA2a
A336: 46113.536 | B336: Palavecino Coria | C336: Josselin Xihomara | D336: 53096421 | E336: ARGENTINA | F336: 28/06/2013 | G336: palavecino.josselin.et21.26@gmail.com | H336: palavecino.josselin.et21.26@gmail.com | I336: PCIA BUENOS AIRES | J336: HURLINGHAM | K336: Eva Perón 2829 | L336: 1686 | M336: Antonia Belen | N336: Coria | O336: 1156183244 | P336: giovaniyosselin@gmail.com | U336: TRASTORNO ALIMENTICIO, MIOPIA | V336: 1 | W336: 5 | X336: TD | Y336: CB | Z336: García Osorio, Patricia | AA336: https://docs.google.com/spreadsheets/d/1y8ndrN4X7cs4Bxxx2zlXJeltYvYk2F-9D-Q0debMpCc/edit?usp=drivesdk | AB336: https://drive.google.com/drive/folders/1R7iz0gmoqTmV-yQLqAg8jz1_Gw7aNA2a
A337: 46127.613 | B337: Pallero Fascio | C337: Camila | D337: 50233547 | E337: argentina | F337: 40332 | G337: pallero.camila.et21.23@gmail.com | H337: camilap33547@alu.bue.edu.ar | I337: provincia | J337: vicente lopez | K337: maipu 1864 | L337: 1864 | M337: veronica | N337: Cecilia fascio | O337: 5491134273424 | P337: veronicacfascio@gmail.com | U337: fractura en el perone izquierdo | V337: 3 | W337: 2 | X337: TD | Y337: CB | Z337: Balor, Verónica | AA337: https://docs.google.com/spreadsheets/d/1mpUxsadui5jwFYIomqbX3-5dmKLZ3rcUMyMdhpkrxV8/edit?usp=drivesdk | AB337: https://drive.google.com/drive/folders/1R7iz0gmoqTmV-yQLqAg8jz1_Gw7aNA2a
A338: 46113.839 | B338: Paradiso | C338: Agustin | D338: 52439426 | E338: ARGENTINO | F338: 41093 | G338: paradiso.agustin.et21.25@gmail.com | H338: agustinp426@alu.bue.edu.ar | I338: caba | J338: coglan | K338: Washington 2939 B | L338: 1430 | M338: Paula Lorena | N338: Amarilla | O338: 1133697314 | P338: paulaamarilla@hotmail.com | Q338: (Padre) | S338: 1130325333 | U338: no | V338: 2 | W338: 3 | X338: TD | Y338: CB | Z338: Coronel, Paola | AA338: https://docs.google.com/spreadsheets/d/1BwuJnlIRlJwaddDpPAX416LpnL0qusp3NMlq82uKhNU/edit?usp=drivesdk | AB338: https://drive.google.com/drive/folders/1R7iz0gmoqTmV-yQLqAg8jz1_Gw7aNA2a
A339: 46127.66 | B339: Parano | C339: Ignacio | D339: 50550426 | E339: Argentina | F339: 29/08/2010 | G339: parano.ignacio.et21.24@gmail.com | H339: parano.ignacio.et21.24@gmail.com | I339: Vicente Lopez, Pcia de BsAs | J339: Vicente Lopez | K339: Nicolás Avellaneda 2104 | L339: Codigo Postal 1636 | M339: Adrián | N339: Parano | O339: =#error! -> #NAME? | P339: - | Q339: Flaviana | R339: Laderach | S339: =#error! -> #NAME? | T339: - | V339: 3 | W339: 2 | X339: TD | Y339: CB | Z339: Fernandez, Mónica | AA339: https://docs.google.com/spreadsheets/d/1v5QlNo8jerRn-TXywgEGBXQrrPxpNTxR39lNvPYgxxE/edit?usp=drivesdk | AB339: https://drive.google.com/drive/folders/1R7iz0gmoqTmV-yQLqAg8jz1_Gw7aNA2a
A340: 46134.608 | B340: Pardo | C340: Joaquín | D340: 49703142 | E340: Argentina | F340: 40125 | G340: pardo.joaquin.et21.23@gmail.com | H340: X@alu.bue.edu.ar | I340: CABA | J340: CABA | K340: Moldes 2390 | L340: 1428 | M340: Miguel | N340: Pardo | O340: =#error! -> #NAME? | P340: compumapdigital@gmail.com | V340: 4 | W340: 2 | X340: TD | Y340: CSC | Z340: Schilliro, Gabriel | AA340: https://docs.google.com/spreadsheets/d/11aCG5lOVtviES0zrhIRHod20fraY7aqRzVli3T2UdbE/edit?usp=drivesdk | AB340: https://drive.google.com/drive/folders/1R7iz0gmoqTmV-yQLqAg8jz1_Gw7aNA2a
A341: 46133.495 | B341: Pasquale | C341: Octavio | D341: 49697663 | E341: Argentina | F341: 39854 | G341: pasquale.octavio.et21.26@gmail.com | H341: pasqualeoctavio1@gmail.com | I341: Caba | J341: Villa Urquiza | K341: Bucarelli 3530 | L341: 1431 | M341: Brenda | N341: Forni | O341: 1140493636 | P341: bforni@remax.com | V341: 4 | W341: 1 | X341: TD | Y341: CSM | Z341: Rondo Condori, Alejandro | AA341: https://docs.google.com/spreadsheets/d/1o6Xp4J9xovaP_KcTqpoQSkooYTGz36EkHn9tNAGPBnU/edit?usp=drivesdk | AB341: https://drive.google.com/drive/folders/1R7iz0gmoqTmV-yQLqAg8jz1_Gw7aNA2a
A342: 46129.384 | B342: Pausic | C342: Francesco | D342: 50421444 | E342: Argentina | F342: 22/8/2010 | G342: pausic.francesco.et21.24@gmail.com | H342: @alu.bue.edu.ar | I342: CABA | J342: Villa Urquisa | K342: Bucareli 151 | L342: 1431 | M342: Nelson | N342: Pausic | O342: 5491162108773 | P342: pausic.francesco.et21.24@gmail.com | U342: cud | V342: 3 | W342: 1 | X342: TD | Y342: CB | Z342: Escalante, Sabrina | AA342: https://docs.google.com/spreadsheets/d/1ocqPMxZZ3mYyLKz1Lr-Vyy_XChZi30wM1bcpOevywwE/edit?usp=drivesdk | AB342: https://drive.google.com/drive/folders/1R7iz0gmoqTmV-yQLqAg8jz1_Gw7aNA2a
A343: 46113.892 | B343: Pausic | C343: Ignacio | D343: 53372033 | E343: Argentina | F343: 41461 | G343: pausic.ignacio.et21.26@gmail.com | H343: SIN DATO | I343: Bs As (Bahía Blanca) | J343: Villa Urquiza | K343: Bucarelli 3053 | L343: 1431 | M343: Nelson | N343: Pausic | O343: 1162108773 (Madre y padre) | P343: nelpausic@gmail.com | Q343: Carla | R343: mora | S343: 1162108783 | T343: carlam2002@gmail.com | U343: SIN DATO | V343: 1 | W343: 2 | X343: TD | Y343: CB | Z343: García Osorio, Patricia | AA343: https://docs.google.com/spreadsheets/d/18u_sQWn4gHtDp-VejR6i_CNrgB97yXqOwYcMmp78rAY/edit?usp=drivesdk | AB343: https://drive.google.com/drive/folders/1R7iz0gmoqTmV-yQLqAg8jz1_Gw7aNA2a
A344: 46127.654 | B344: Paz | C344: Benjamin | D344: 50887792 | E344: argentina | F344: 20/04/2011 | G344: paz.benja.et21.24@gmail.com | H344: pazb19258@gmail.com | I344: caba | J344: caba | K344: willial morris 1604 | L344: 1651 | M344: Erica | N344: Huanca | O344: 54 9 11 3089 7928 | P344: Ericahuancahaydee@gmail.com | V344: 3 | W344: 5 | X344: TD | Y344: CB | Z344: Rodriguez, Leopoldo | AA344: https://docs.google.com/spreadsheets/d/1M55oM5TV13ow6dw0pTYiCmIYXUU3gvQc1STjoyRQASE/edit?usp=drivesdk | AB344: https://drive.google.com/drive/folders/1R7iz0gmoqTmV-yQLqAg8jz1_Gw7aNA2a
A345: 46127.623 | B345: Paz | C345: Nehuen | D345: 50436355 | E345: argentina | F345: 14/08/2010 | G345: paz.nehuen.et21.24@gmail.com | H345: ////// | I345: CABA | J345: villa urquiza | K345: aizpurua 3157 | L345: 1431 | M345: nadia | N345: giammaria | O345: 1158036639 | P345: nagima.accesorios@gmail.com | V345: 3 | W345: 2 | X345: TD | Y345: CB | Z345: Muiño, Claudia | AA345: https://docs.google.com/spreadsheets/d/1IYGirkKcrlwyphkDeYML8bnzT0u3szpqGqm-QCrmFys/edit?usp=drivesdk | AB345: https://drive.google.com/drive/folders/1R7iz0gmoqTmV-yQLqAg8jz1_Gw7aNA2a
A346: 46134.391 | B346: Pedraza | C346: Juan | D346: 50131108 | E346: Argentina | F346: 13/03/2010 | G346: pedraza.juan.et21.23@gmail.com | H346: juanp1108@alu.bue.edu.ar | I346: CABA | J346: Comuna 13 | K346: Ciudad de la paz 3390 | L346: 1429 | M346: Karina | N346: Albornoz | O346: 1165713244 | P346: karinalbornoz12@gmail.com | U346: tengo escoliosis | V346: 4 | W346: 1 | X346: TD | Y346: CSC | Z346: Welesik,Gladis | AA346: https://docs.google.com/spreadsheets/d/1kfAa8RTWdIpMMx2kx6S2UIBYRoYLdzfsybe7JF7aWR4/edit?usp=drivesdk | AB346: https://drive.google.com/drive/folders/1R7iz0gmoqTmV-yQLqAg8jz1_Gw7aNA2a
A347: 46135.711 | B347: Pedrosa Lopez | C347: Lucas Miguel | D347: 32737244 | E347: Argentino | F347: 16/10/1986 | G347: lucas.pedrosa.et21.26@gmail.com | H347: lucas.pedrosa.et21.26@gmail.com | I347: CABA | J347: caba | K347: Amenabar 3672 | L347: 1429 | M347: NO | N347: NO | O347: 1160110011 | P347: lucas.pedrosa.et21.26@gmail.com | V347: 4 | W347: 1 | X347: TN | Y347: CSM | Z347: Méndez, Erick | AA347: https://docs.google.com/spreadsheets/d/1c-vyhT2HAV2EWCsceBA6eSiKfqxlg3F0xfaQ9TLopvg/edit?usp=drivesdk | AB347: https://drive.google.com/drive/folders/1R7iz0gmoqTmV-yQLqAg8jz1_Gw7aNA2a
A348: 46154.82 | B348: Peña Samuel | C348: Samuel Francisco | D348: 95940522 | E348: Venezolana | F348: 39549 | G348: pena.samuel.et21.22@gmail.com | H348: pena.samuel.et21.22@gmail.com | I348: Caba | J348: Belgrano | K348: Moldes 1971 | L348: 1418 | M348: Adrian | N348: Collerone | O348: Ni idea | P348: Ni idea | Q348: Mariano | R348: Larretape | S348: Ni idea | T348: Ni idea | U348: No | V348: 5 | W348: 1 | X348: TN | Y348: CSC | Z348: Collerone, Adrián | AA348: https://docs.google.com/spreadsheets/d/1_1Kted9fFyWsXmZghAv9Pinpuxy8HNqagGJbFd-DZGY/edit?usp=drivesdk | AB348: https://drive.google.com/drive/folders/1R7iz0gmoqTmV-yQLqAg8jz1_Gw7aNA2a
A349: 46120.455 | B349: Penzotti | C349: Nahuel | D349: 51340158 | E349: Argentina | F349: 15/08/11 | G349: penzotti.nahuel.et21.25@gmail.com | H349: penzotti.nahuel.et21.25@gmail.com | I349: Provincia de Bs. As. | J349: Vicente López | K349: Corroborar con alumno | L349: Corroborar con alumno | M349: Evelina | N349: Brey | O349: 1133413440 | P349: evebrey@hotmail.com | Q349: Padre | S349: 1132439792 | V349: 2 | W349: 6 | X349: TD | Y349: CB | Z349: Prats, Alejandro | AA349: https://docs.google.com/spreadsheets/d/1mMb9Vw0MLIVSe87UAFOqmZuVG6dy_Mv2iwoqGX7XqSo/edit?usp=drivesdk | AB349: https://drive.google.com/drive/folders/1R7iz0gmoqTmV-yQLqAg8jz1_Gw7aNA2a
A350: 46113.842 | B350: Pereyra Funcasta | C350: Benjamin Nicolas | D350: 51399696 | E350: sin datos | F350: 40825 | G350: pereyra.benjamin.et21.25@gmail.com | H350: tizianop9696@alu.bue.edu.ar | I350: sin datos | J350: sin datos | K350: sin datos | L350: 0 | M350: (Madre) | N350: sin datos | O350: 1132945039 | P350: funcastamarinag@gmail.com | Q350: 1130078049 (Padre) | U350: sin datos | V350: 2 | W350: 3 | X350: TD | Y350: CB | Z350: Coronel, Paola | AA350: https://docs.google.com/spreadsheets/d/16abJ5d5d1rDzirjhX9IEDoAx1wnLZLoLaJ4SFc0Go30/edit?usp=drivesdk | AB350: https://drive.google.com/drive/folders/1R7iz0gmoqTmV-yQLqAg8jz1_Gw7aNA2a
A351: 46113.848 | B351: Perez Mastrangelo | C351: Sofia Nahir | D351: 52440517 | E351: ARGENTINA | F351: 15/03/2012 | G351: perez.sofia.et21.25@gmail.com | H351: sofiap517@alu.bue.edu.ar | I351: caba | J351: colegiales | K351: Matienzo 2610 | L351: 142 | M351: Fernanda | N351: Mastrangelo | O351: 1140791935 | P351: 2ferchus22@gmail.com | Q351: 1167569881 (Abuela) | V351: 2 | W351: 3 | X351: TD | Y351: CB | Z351: Acosta Eduardo | AA351: https://docs.google.com/spreadsheets/d/1BFzKGIkqr9dc6ZZgXdH6Lc--n26fdGrRwFmBcoyjgU0/edit?usp=drivesdk | AB351: https://drive.google.com/drive/folders/1R7iz0gmoqTmV-yQLqAg8jz1_Gw7aNA2a
A352: 46126.708 | B352: Perez Reisberg | C352: Agustin | D352: 52454981 | E352: ARGENTINO | F352: 28/05/2012 | G352: perez.agustin.et21.26@gmail.com | H352: perez.agustin.et21.26@gmail.com | I352: CABA | J352: A | K352: A | L352: A | M352: A | N352: A | O352: A | P352: A | V352: 2 | W352: 4 | X352: TD | Y352: CB | Z352: D´Alessandro, Andreina | AA352: https://docs.google.com/spreadsheets/d/14GnpgktZOrtj77McInvVYER_9vm0lqof-Dtfy7rSOqA/edit?usp=drivesdk | AB352: https://drive.google.com/drive/folders/1R7iz0gmoqTmV-yQLqAg8jz1_Gw7aNA2a
A353: 46137.07 | B353: Perez Stahlschmidt | C353: Kirian | D353: 49553816 | E353: Argentina | F353: 40156 | G353: stahlschmidt.kirian.et21.23@gmail.com | H353: @alu.bue.edu.ar | I353: CABA | J353: CGP15, Villa Ortuzar | K353: Av. De Los Incas 4054 | L353: 1427 | M353: Paula | N353: Stahlschmidt | O353: =#error! -> #NAME? | P353: paulasols@gmail.com | V353: 3 | W353: 4 | X353: TN | Y353: CB | Z353: Méndez, Marcelo | AA353: https://docs.google.com/spreadsheets/d/1MdZflEylcAYeHqmg1XlkHR3pf4KOTQu-IL7PyXxgfcM/edit?usp=drivesdk | AB353: https://drive.google.com/drive/folders/1R7iz0gmoqTmV-yQLqAg8jz1_Gw7aNA2a
A354: 46134.768 | B354: Perez Weiss Deibe | C354: Leon | D354: 49006631 | E354: argentina | G354: deibe.leon.et21.22@gmail.com | H354: leonp631@alu.bue.edu.ar | I354: CABA | J354: saavedra | K354: washington 3480 | L354: 1430 | M354: analia | N354: deibe | O354: 11 5142 8445 | P354: anitadeibe@gmail.com | Q354: rodrigo | R354: perez weiss | S354: 11 3122-0461 | T354: rodrigo.perezweiss@gmail.com | V354: 5 | W354: 1 | X354: TD | Y354: CSC | Z354: Muiño, Claudia | AA354: https://docs.google.com/spreadsheets/d/13Mm3PafKGTh1fQmmTWk9MhpOvCGmaXjjL5HsuGi_nUQ/edit?usp=drivesdk | AB354: https://drive.google.com/drive/folders/1R7iz0gmoqTmV-yQLqAg8jz1_Gw7aNA2a
A355: 46113.851 | B355: Perez Weiss Deibe | C355: Noel Dante | D355: 51390771 | E355: ARGENTINA | F355: 31/08/2011 | G355: perezweissdeibe.noel.et21.25@gmail.com | H355: noelp771@alu.bue.edu.ar | I355: caba | J355: COGLHAN | K355: WASHINGTON 3480 | L355: 1430 | M355: ANITA | N355: DEIBE | O355: 0115-142-8445 | P355: ANITADEIBE@GMAIL.COM | U355: no | V355: 2 | W355: 3 | X355: TD | Y355: CB | Z355: Carnero, Silvia | AA355: https://docs.google.com/spreadsheets/d/1B-Gfkctr7ma58cOEe06HkBjpXjt2AfcR6XNaelWpdq0/edit?usp=drivesdk | AB355: https://drive.google.com/drive/folders/1R7iz0gmoqTmV-yQLqAg8jz1_Gw7aNA2a
A356: 46154.815 | B356: Pianarosa | C356: Fabrizio | D356: 47345263 | E356: Argentina | F356: 39028 | G356: fabrizio.pianarosa.et21.25@gmail.com | H356: fabrizio.pianarosa.et21.25@gmail.com | I356: Provincia de Buenos Aires | J356: VicenteLopez | K356: Peru127 | L356: 1603 | M356: Vanina | N356: Ramirez | O356: 1130712583 | P356: vaninasramirez@gmail.com | V356: 6 | W356: 1 | X356: TN | Y356: CSC | Z356: Pertiné, Daniel | AA356: https://docs.google.com/spreadsheets/d/1ZCCpJQLliQsfMFXavdPj5VhZ613YoN7E028MPSvJkRI/edit?usp=drivesdk | AB356: https://drive.google.com/drive/folders/1R7iz0gmoqTmV-yQLqAg8jz1_Gw7aNA2a
A357: 46141.479 | B357: Pichot | C357: Julieta | D357: 48521225 | E357: Argentina | F357: 27/02/2008 | G357: Julieta.pichot.et21.21@gmail.com | H357: @alu.bue.edu.ar | I357: Provincia de BsAs | J357: Vicente López | K357: Buenos aires 3379 | L357: 1636 | M357: Gabriela | N357: Iannini | O357: =#error! -> #NAME? | P357: gabrielaiannini@gmail.com | V357: 6 | W357: 1 | X357: TD | Y357: CSC | Z357: Rodriguez, Leopoldo | AA357: https://docs.google.com/spreadsheets/d/1XkGw5UbLWTL9o8PspV8CLid2zyTcKnmyeOZT9lbUCx8/edit?usp=drivesdk | AB357: https://drive.google.com/drive/folders/1R7iz0gmoqTmV-yQLqAg8jz1_Gw7aNA2a
A358: 46133.722 | B358: Pilatti | C358: Valentino | D358: 51340189 | E358: argentina | F358: 40858 | G358: pilatti.valentino.et21.26@gmail.com | H358: nn | I358: ca | J358: ca | K358: ca | L358: ca | M358: Analia | N358: Pilatti | O358: 1130905285 (Abuela) | P358: anny_0511@hotmail.com | V358: 2 | W358: 2 | X358: TD | Y358: CB | Z358: Balor, Verónica | AA358: https://docs.google.com/spreadsheets/d/1pDTlyQMouak7Jm3IhNeiGsnPv1jIhtt2yCcA5Vu1_eU/edit?usp=drivesdk | AB358: https://drive.google.com/drive/folders/1R7iz0gmoqTmV-yQLqAg8jz1_Gw7aNA2a
A359: 46127.661 | B359: Pilotto | C359: Yuri | D359: 50291573 | E359: Argentina | F359: 28/05/2010 | G359: pilotto.yuri.et21.23@gmail.com | H359: yurithaielpilotto@gmail.com | I359: CABA | J359: Comuna 13 | K359: Amenabar 3230 | L359: 1417 | M359: Zulma | N359: Castro | O359: 1158564586 | P359: Zulmaacastro@gmail.com | Q359: - | R359: - | S359: - | T359: - | U359: Todo correcto | V359: 3 | W359: 5 | X359: TD | Y359: CB | Z359: Fernandez, Mónica | AA359: https://docs.google.com/spreadsheets/d/1prdAs1Z-QMLP0NE2rTcOqcn5lq3ZA7LCZnN_WgwNkdQ/edit?usp=drivesdk | AB359: https://drive.google.com/drive/folders/1R7iz0gmoqTmV-yQLqAg8jz1_Gw7aNA2a
A360: 46113.608 | B360: Pintos Konradi | C360: Lautaro Valentin | D360: 52644520 | E360: SIN DATOS | F360: 15/06/2012 | G360: konradi.lautaro.et21.26@gmail.com | H360: @ALU.BUE.EDU.AR | I360: SIN DATOS | J360: SIN DATOS | K360: SIN DATOS | L360: SIN DATOS | M360: Celeste Rocio" | N360: "Konradi | O360: 1165669684 | P360: kardelpilar8@gmail.com | V360: 1 | W360: 5 | X360: TD | Y360: CB | Z360: Escalante, Sabrina | AA360: https://docs.google.com/spreadsheets/d/1tZhMOLwxk8TO6ZuLk1m6MH5jZFR9hPkET5xp5ynImjg/edit?usp=drivesdk | AB360: https://drive.google.com/drive/folders/1R7iz0gmoqTmV-yQLqAg8jz1_Gw7aNA2a
A361: 46182.849 | B361: Pitronaci | C361: German | D361: 44482534 | E361: Argentina | F361: 23/09/2002 | G361: German.pitronaci.et21.24@gmail.com | H361: pitronacigerman@gmail.com | I361: Maschwitz, Provincia de Buenos Aires | J361: Belen de Escobar | K361: Lambare 1182 | L361: 1623 | M361: German | N361: Pitronaci | O361: 1141784857 | P361: pitronacigerman@gmail.com | V361: 6 | W361: 2 | X361: TN | Y361: CSM | Z361: Ronzoni, María | AA361: https://docs.google.com/spreadsheets/d/1c1o1BGuQDyExdOadBcYIFs8tk347ZP-qsKRY8Xxr9oY/edit?usp=drivesdk | AB361: https://drive.google.com/drive/folders/1R7iz0gmoqTmV-yQLqAg8jz1_Gw7aNA2a
A362: 46127.675 | B362: Pochettino | C362: Mora | D362: 50416595 | E362: Argentina | F362: 46119 | G362: Pochettino.mora.et21.24@gmail.com | H362: morapoche@gmail.com | I362: Caba | J362: Villa Pueyrredon | K362: Terrada 5843 | L362: 1419 | M362: Pochettino Adrian Omar | N362: Pochettino | O362: 1154672230 | P362: Adrian19808@hotmail.com | Q362: Maria celeste acevedo | R362: Acevedo | S362: 1156162703 | T362: mceleste.acevedo@gmail.com | V362: 3 | W362: 5 | X362: TD | Y362: CB | Z362: Barrionuevo Luisina | AA362: https://docs.google.com/spreadsheets/d/1riOvmmKR60sw4SNx9NBdm1lGzrLYEpD6bBHBY5K28j4/edit?usp=drivesdk | AB362: https://drive.google.com/drive/folders/1R7iz0gmoqTmV-yQLqAg8jz1_Gw7aNA2a
A363: 46163.89 | B363: Porta | C363: Bruno Agustin | D363: 44284184 | E363: argentina | F363: 37714 | G363: porta.bruno.et21.23@gmail.com | H363: vyhewvuiwbvjebjvk | I363: Pcia BsAS | J363: Tigre | K363: Juan José Paso | L363: b1617 | M363: Bruno Agustin | N363: Porta | O363: 2804 847613 | P363: Portabrunoagustin@gmail.com | V363: 4 | W363: 1 | X363: TN | Y363: CSC | Z363: Méndez, Marcelo | AA363: https://docs.google.com/spreadsheets/d/10ZjcDRoFNVtQzow5No46SfLwfHRPiFoMESPvYAJarlU/edit?usp=drivesdk | AB363: https://drive.google.com/drive/folders/1R7iz0gmoqTmV-yQLqAg8jz1_Gw7aNA2a
A364: 46135.353 | B364: Portilla | C364: Mailen | D364: 50902347 | E364: ARGENTINA | F364: 17/02/2011 | G364: MAILEN.PORTILLA.ET21.24@GMAIL.COM | H364: milenp347@alu.bue.edu.ar | I364: CABA | J364: SAAVEDRA | K364: MANZANARES 3680 | L364: 1430 | M364: SEBASTIAN | N364: PORTILLA | O364: 56542626 | P364: SPORTILLA0712@GMAIL.COM | U364: NADA | V364: 3 | W364: 1 | X364: TD | Y364: CB | Z364: Rodriguez, Leopoldo | AA364: https://docs.google.com/spreadsheets/d/1stmjHyzqBGGnHzYNZY322FyFVBaYa2AUwz_u-owOasM/edit?usp=drivesdk | AB364: https://drive.google.com/drive/folders/1R7iz0gmoqTmV-yQLqAg8jz1_Gw7aNA2a
A365: 46127.676 | B365: Primon | C365: Bianca | D365: 50987386 | E365: argentina | F365: 12.02.11 | G365: primon.bianca.et21.26@gmail.com | H365: - | I365: pcia de BsAs | J365: vicente lopez | K365: hipolito yrigoyen 3460 | L365: 1602 | M365: gabriela | N365: craboledda | O365: 1151483569 | P365: gcraboledda@gmail.com | V365: 3 | W365: 5 | X365: TD | Y365: CB | Z365: Fernandez, Mónica | AA365: https://docs.google.com/spreadsheets/d/1gXx12hPPRc0NMeE6D9a-1mHHqnaTyYMUztVTE1FV8Is/edit?usp=drivesdk | AB365: https://drive.google.com/drive/folders/1R7iz0gmoqTmV-yQLqAg8jz1_Gw7aNA2a
A366: 46127.828 | B366: Pritula | C366: Nicolás | D366: 51067632 | E366: Argentina | F366: 30/03/2011 | G366: pritula.nicolas.et21.24@gmail.com | H366: - | I366: CABA | J366: Saavedra | K366: Mariano Acha 4681 | L366: 1430 | M366: Verónica | N366: Pállese | O366: 1144470362 | P366: veronicapallise@gmail.com | V366: 3 | W366: 1 | X366: TD | Y366: CB | Z366: Balor, Verónica | AA366: https://docs.google.com/spreadsheets/d/1d_kYHhKUi-n82uiDK_uSM9UkAwTqxuj6QHXMxvKIjXo/edit?usp=drivesdk | AB366: https://drive.google.com/drive/folders/1R7iz0gmoqTmV-yQLqAg8jz1_Gw7aNA2a
A367: 46139.682 | B367: Quicquaro | C367: Martin Daniel | D367: 52698799 | E367: ARGENTINA | F367: 17/08/2012 | G367: quicquaro.martin.et21.26@gmail.com | H367: - | I367: CABA | J367: CABA | K367: CABA | L367: 1430 | M367: Rean | N367: Romina | O367: 1164762478 (Madre) | P367: romina.rean@gmail.com | V367: 1 | W367: 7 | X367: TD | Y367: CB | Z367: Frías, Pablo Alberto | AA367: https://docs.google.com/spreadsheets/d/1SnXXuIz5Ns1yarW5s7eq6b9B3FNgAS5GHDstiEF5laU/edit?usp=drivesdk | AB367: https://drive.google.com/drive/folders/1WC5X0pwLkl0kQePreUDIjA8A1r_BKxAL
A368: 46132.864 | B368: Quino Huamani | C368: Yonathan Pascual | D368: 94021720 | E368: Peruano | F368: 23/08/1993 | G368: quino.yonathan.et21.26@gmail.com | H368: jonathanquino@hotmail.com | I368: caba | J368: caba | K368: fraga 868 | L368: 1427 | M368: Yonathan Pascual | N368: Quino Huamani | O368: 1178973394 | P368: jonathanquino@hotmail.com | V368: 2 | W368: 5 | X368: TN | Y368: CB | Z368: Spuches, Marina | AA368: https://docs.google.com/spreadsheets/d/127f5q7YUCKtVpGlZe_4GrqGrSGax1s2ojbUhILotfeg/edit?usp=drivesdk | AB368: https://drive.google.com/drive/folders/1WC5X0pwLkl0kQePreUDIjA8A1r_BKxAL
A369: 46113.612 | B369: Quinteros Ruiz | C369: Samuel | D369: 96137061 | E369: Venezolana | F369: 40980 | G369: Quintero.samuel.et21.26@gmail.com | H369: @ALU.BUE.EDU.AR | I369: Venezuela | J369: Villa ortuzar | K369: 14 de julio 1333 | L369: 1427 | M369: Dalyveth Jessenia" | N369: Ruiz Becerra | O369: 1525017850 | P369: Jesseruizb@gmail.com | S369: 1170593437 (Padre) | U369: NO | V369: 1 | W369: 5 | X369: TD | Y369: CB | Z369: Coronel, Paola | AA369: https://docs.google.com/spreadsheets/d/1OduXZ9483Fs8Doynyc28E4-rtLYUseY2dYhmjMfHRPQ/edit?usp=drivesdk | AB369: https://drive.google.com/drive/folders/1WC5X0pwLkl0kQePreUDIjA8A1r_BKxAL
A370: 46120.459 | B370: Rabodacho | C370: Joaquín | D370: 51162686 | E370: Argentina | F370: 40554 | G370: rabodacho.joaquin.et21.25@gmail.com | H370: rabodacho.joaquin.et21.25@gmail.com | I370: Provincia de Bs. As. | J370: La Matanza | K370: Corroborar con alumno | L370: Corroborar con alumno | M370: Nadia | N370: Mencia | O370: 1164158934 | P370: nadiamencia2323@gmail.com | Q370: Padre | S370: 11308544255 | V370: 2 | W370: 6 | X370: TD | Y370: CB | Z370: Prats, Alejandro | AA370: https://docs.google.com/spreadsheets/d/1C4TVQUsApUoqOmvWi204o_KZM4Y8pp2Q7hxhGsGMMW0/edit?usp=drivesdk | AB370: https://drive.google.com/drive/folders/1xo3JI8FBV3Q9_v4mXivLAOzjnGI1gIeg
A371: 46120.466 | B371: Ramirez | C371: Julio Federico | D371: 52452768 | E371: Argentina | F371: 13/05/12 | G371: ramirez.federico.et21.25@gmail.com | H371: ramirez.federico.et21.25@gmail.com | I371: CABA | J371: CABA | K371: Corroborar con alumno | L371: Corroborar con alumno | M371: Yudith | N371: Villar | O371: 1168680130 | P371: villaryudith@gmail.com | Q371: Padre | S371: 1152616139 | U371: Materias pendientes Historia -Matemática-Tecnología | V371: 2 | W371: 6 | X371: TD | Y371: CB | Z371: Prats, Alejandro | AA371: https://docs.google.com/spreadsheets/d/19H0IezNXqv7Kg3ziJpSK1COSH0WWBAwUTua8fY0pGOA/edit?usp=drivesdk | AB371: https://drive.google.com/drive/folders/1xo3JI8FBV3Q9_v4mXivLAOzjnGI1gIeg
A372: 46113.012 | B372: Ramirez Riveros | C372: Uma Yazmin | D372: 52676458 | E372: Argentina | F372: 23/09/2012 | G372: ramirez.uma.et21.26@gmail.com | H372: @alu.bue.edu.ar | I372: Pcia de Bs As | J372: Jose Leon Suarez | K372: Jose Leon Suarez | L372: 1234 | M372: Lourdes | N372: Riveros Jara (Madre) | O372: 1136380718 | P372: patriiriveros07@gmail.com | V372: 1 | W372: 3 | X372: TD | Y372: CB | Z372: Aloma, Norma Mabel | AA372: https://docs.google.com/spreadsheets/d/1c_7Hy6JLUVsvj9on3mYrF_rCNdF2yYKGyqZCYP6aJlg/edit?usp=drivesdk | AB372: https://drive.google.com/drive/folders/1xo3JI8FBV3Q9_v4mXivLAOzjnGI1gIeg
A373: 46134.379 | B373: Ramirez Yrazusta | C373: Dante | D373: 48715886 | E373: Argentino | F373: 16/07/2008 | G373: ramirez.dante.et21.22@gmail.com | H373: ramirez.dante.et21.22@gmail.com | I373: CABA | J373: Villa Pueyrredón | K373: Cochrane 2504 | L373: 1419 | M373: Maria Florencia | N373: Yrazusta | O373: 1167180017 | P373: floryrazusta@gmail.com | V373: 5 | W373: 1 | X373: TD | Y373: CSC | Z373: Mitingay, Dardo Antonio | AA373: https://docs.google.com/spreadsheets/d/1D4uKUG52M-cnbMRy8Ruz__9gQQpAWVQ1D_z5z-rrq4o/edit?usp=drivesdk | AB373: https://drive.google.com/drive/folders/1xo3JI8FBV3Q9_v4mXivLAOzjnGI1gIeg
A374: 46113.857 | B374: Ramos | C374: Juan Pablo | D374: 51454077 | E374: sin datos | F374: 40673 | G374: ramos.juan.et21.25@gmail.com | H374: juanr577@alu.bue.edu.ar | I374: sin datos | J374: sin datos | K374: sin datos | L374: 0 | M374: (Madre) | N374: sin datos | O374: 1132959465 | P374: mirgomez2011@gmail.com | Q374: 1132994179 (padre) | U374: sin datos | V374: 2 | W374: 3 | X374: TD | Y374: CB | Z374: Domanti,Ezequiel | AA374: https://docs.google.com/spreadsheets/d/129r5lQHIOPwPSygNLUmSV93yVbGhqksNJaHF1V1X5g0/edit?usp=drivesdk | AB374: https://drive.google.com/drive/folders/1xo3JI8FBV3Q9_v4mXivLAOzjnGI1gIeg
A375: 46141.38 | B375: Ramos | C375: Facundo | D375: 50256253 | E375: ARGENTINA | F375: 40364 | G375: RAMOS.FACUNDO.ET21.23@GMAIL.COM | H375: @ALU.BUE.EDU.AR | I375: CABA | J375: NUÑEZ | K375: AMENABAR 3230 | L375: 1429 | M375: RAUL | N375: RAMOS | O375: 1154746452 | P375: 2FALU3230@GMAIL.COM | U375: NADA | V375: 4 | W375: 1 | X375: TD | Y375: CSC | Z375: Rodriguez, Leopoldo | AA375: https://docs.google.com/spreadsheets/d/1lu7ryc384gdnuZwVpuoLL9SVwDBcHVg7zRAQCWpB8LQ/edit?usp=drivesdk | AB375: https://drive.google.com/drive/folders/1xo3JI8FBV3Q9_v4mXivLAOzjnGI1gIeg
A376: 46128.395 | B376: Ramos | C376: Julio | D376: 50707079 | E376: Argentina | F376: 40524 | G376: raamos.julio.et21.24@gmail.com | H376: julior079@alu.bue.edu.ar | I376: CABA | J376: villa urquiza | K376: Capdevila 3497 | L376: C1431FKO Villa Urquiza, Cdad. Autónoma de Buenos Aires | M376: Maria | N376: Ramos | O376: 1121647183 | P376: maryramoscabello@gmail.com | U376: nada | V376: 3 | W376: 1 | X376: TD | Y376: CB | Z376: Welesik,Gladis | AA376: https://docs.google.com/spreadsheets/d/1W3FjyAt87UkG4NWC6Hk1QmZb1NRhrDPwSZg-s-uE5fQ/edit?usp=drivesdk | AB376: https://drive.google.com/drive/folders/1xo3JI8FBV3Q9_v4mXivLAOzjnGI1gIeg
A377: 46133.416 | B377: Ranellucci | C377: Valentino | D377: 49627416 | E377: Argentina | F377: 28/7/2009 | G377: ranellucci.valentino.et21.23@gmail.com | H377: @alu.bue.com.ar | I377: CABA | J377: Devoto | K377: Concordia | L377: 4848 | M377: Adriana | N377: Ranellucci | O377: 11 6625 4800 | P377: adru2015@gmail | V377: 4 | W377: 1 | X377: TD | Y377: CSC | Z377: Pereira, Máximo Ariel | AA377: https://docs.google.com/spreadsheets/d/1muvzbenR-7F3vVxwWBSKxJLUmhmEUwcMHNph3oCNP58/edit?usp=drivesdk | AB377: https://drive.google.com/drive/folders/1xo3JI8FBV3Q9_v4mXivLAOzjnGI1gIeg
A378: 46127.434 | B378: Raskovsky Silveira d'Avila | C378: Emma | D378: 50802611 | E378: Argentina | F378: 14/12/2010 | G378: raskovsky.emma.et21.24@gmail.com | H378: Alu.bue.edu.ar | I378: CABA | J378: CABA | K378: Blanco encalada 3012 | L378: 1428 | M378: Patricia | N378: Silveira d'Avila | O378: 1140985747 | P378: patosildav@gmail.com | U378: Uso de anteojos y alergia a la Cefalexina | V378: 3 | W378: 1 | X378: TD | Y378: CB | Z378: Escalante, Sabrina | AA378: https://docs.google.com/spreadsheets/d/1PBzi5AO-txd0Ntz3zuQx8IBrj1n9eu1qgkJB3sf7nyk/edit?usp=drivesdk | AB378: https://drive.google.com/drive/folders/1xo3JI8FBV3Q9_v4mXivLAOzjnGI1gIeg
...

Sheet Docentes
A1: Apellido y Nombre | B1: Email | C1: DNI | D1: Situación | E1: Ciclos | F1: Turno | G1: Horas | H1: Horas sin Alumnos | I1: Maximo teórico | J1: Máx Alumnos | K1: Alumnos asignados | L1: Vacantes Disponibles | N1: Cantidad de alumnos diurno | P1: Cantidad de alumnos nocturno
N2: Teórico | O2: =SUMIF(F2:F91,"TD",I2:I91) -> 0 | P2: Teórico | Q2: =SUMIF(F2:F91,"Tn",I2:I91) -> 0
N3: Real | O3: =SUMIF(F2:F91,"TD",J2:J91) -> 0 | P3: Real | Q3: =SUMIF(F2:F91,"Tn",J2:J91) -> 0

Sheet Estadisticas
A1: Turno | B1: PAT | E1: No-PAT | F1: Cantidad de Alumnos | I1: Cupo máx. de alumnos PAT | L1: % de ocupacion
B2: Esp. | C2: Parcial | D2: Total | E2: Total | F2: Esp. | G2: Parcial | H2: Total | I2: Esp. | J2: Parcial | K2: Total | L2: Esp. | M2: Parcial | N2: Total
A3: Diurno | B3: CB | C3: =COUNTIFS(Docentes!F:F,"TD",Docentes!E:E,"CB",Docentes!J:J,">0") -> 0 | D3: =COUNTIFS(Docentes!F:F,"TD",Docentes!J:J,">0") -> 0 | E3: =COUNTIFS(Docentes!F:F,"TD",Docentes!J:J,"=0") -> 0 | F3: CB | G3: =COUNTIFS('Respuesta del Formulario'!X:X,"TD",'Respuesta del Formulario'!Y:Y,"CB") -> 144 | H3: =COUNTIFS('Respuesta del Formulario'!X:X,"TD") -> 199 | I3: CB | J3: =SUMIFS(Docentes!J:J,Docentes!F:F,"TD",Docentes!E:E,"CB") -> 0 | K3: =SUMIF(Docentes!F:F,"TD",Docentes!J:J) -> 0 | L3: CB | M3: =(1-((J3-G3)/J3))*100 -> #DIV/0! | N3: =(1-((K3-H3)/K3))*100 -> #DIV/0!
B4: CSC | C4: =COUNTIFS(Docentes!F:F,"TD",Docentes!E:E,"CSC",Docentes!J:J,">0") -> 0 | F4: CSC | G4: =COUNTIFS('Respuesta del Formulario'!X:X,"TD",'Respuesta del Formulario'!Y:Y,"CSC") -> 32 | I4: CSC | J4: =SUMIFS(Docentes!J:J,Docentes!F:F,"TD",Docentes!E:E,"CSC") -> 0 | L4: CSC | M4: =(1-((J4-G4)/J4))*100 -> #DIV/0!
B5: CSM | C5: =COUNTIFS(Docentes!F:F,"TD",Docentes!E:E,"CSM",Docentes!J:J,">0") -> 0 | F5: CSM | G5: =COUNTIFS('Respuesta del Formulario'!X:X,"TD",'Respuesta del Formulario'!Y:Y,"CSM") -> 23 | I5: CSM | J5: =SUMIFS(Docentes!J:J,Docentes!F:F,"TD",Docentes!E:E,"CSM") -> 0 | L5: CSM | M5: =(1-((J5-G5)/J5))*100 -> #DIV/0!
B6: Mixto | C6: =COUNTIFS(Docentes!F:F,"TD",Docentes!E:E,"CB,CSC",Docentes!J:J,">0") +COUNTIFS(Docentes!F:F,"TD",Docentes!E:E,"CB,CSM",Docentes!J:J,">0") +COUNTIFS(Docentes!F:F,"TD",Docentes!E:E,"CSC,CSM",Docentes!J:J,">0") -> 0 | I6: Mixto | J6: =SUMIFS(Docentes!J:J,Docentes!F:F,"TD",Docentes!E:E,"CB,CSC")+SUMIFS(Docentes!J:J,Docentes!F:F,"TD",Docentes!E:E,"CB,CSM")+SUMIFS(Docentes!J:J,Docentes!F:F,"TD",Docentes!E:E,"CSC,CSM")+SUMIFS(Docentes!J:J,Docentes!F:F,"TD",Docentes!E:E,"CB,CSC,CSM") -> 0
A7: Nocturno | B7: CB | C7: =COUNTIFS(Docentes!F:F,"TN",Docentes!E:E,"CB",Docentes!J:J,">0") -> 0 | D7: =COUNTIFS(Docentes!F:F,"TN",Docentes!J:J,">0") -> 0 | E7: =COUNTIFS(Docentes!F:F,"TN",Docentes!J:J,"=0") -> 0 | F7: CB | G7: =COUNTIFS('Respuesta del Formulario'!X:X,"TN",'Respuesta del Formulario'!Y:Y,"CB") -> 17 | H7: =COUNTIFS('Respuesta del Formulario'!X:X,"TN") -> 24 | I7: CB | J7: =SUMIFS(Docentes!J:J,Docentes!F:F,"TN",Docentes!E:E,"CB") -> 0 | K7: =SUMIF(Docentes!F:F,"TN",Docentes!J:J) -> 0 | L7: CB | M7: =(1-((J7-G7)/J7))*100 -> #DIV/0! | N7: =(1-((K7-H7)/K7))*100 -> #DIV/0!
B8: CSC | C8: =COUNTIFS(Docentes!F:F,"TN",Docentes!E:E,"CSC",Docentes!J:J,">0") -> 0 | F8: CSC | G8: =COUNTIFS('Respuesta del Formulario'!X:X,"TN",'Respuesta del Formulario'!Y:Y,"CSC") -> 4 | I8: CSC | J8: =SUMIFS(Docentes!J:J,Docentes!F:F,"TN",Docentes!E:E,"CSC") -> 0 | L8: CSC | M8: =(1-((J8-G8)/J8))*100 -> #DIV/0!
B9: CSM | C9: =COUNTIFS(Docentes!F:F,"TN",Docentes!E:E,"CSM",Docentes!J:J,">0") -> 0 | F9: CSM | G9: =COUNTIFS('Respuesta del Formulario'!X:X,"TN",'Respuesta del Formulario'!Y:Y,"CSM") -> 3 | I9: CSM | J9: =SUMIFS(Docentes!J:J,Docentes!F:F,"TN",Docentes!E:E,"CSM") -> 0 | L9: CSM | M9: =(1-((J9-G9)/J9))*100 -> #DIV/0!
B10: Mixto | C10: =COUNTIFS(Docentes!F:F,"TN",Docentes!E:E,"CB,CSC",Docentes!J:J,">0") +COUNTIFS(Docentes!F:F,"TD",Docentes!E:E,"CB,CSM",Docentes!J:J,">0") +COUNTIFS(Docentes!F:F,"TD",Docentes!E:E,"CSC,CSM",Docentes!J:J,">0") -> 0 | I10: Mixto | J10: =SUMIFS(Docentes!J:J,Docentes!F:F,"TN",Docentes!E:E,"CB,CSC")+SUMIFS(Docentes!J:J,Docentes!F:F,"TN",Docentes!E:E,"CB,CSM")+SUMIFS(Docentes!J:J,Docentes!F:F,"TN",Docentes!E:E,"CSC,CSM")+SUMIFS(Docentes!J:J,Docentes!F:F,"TN",Docentes!E:E,"CB,CSC,CSM") -> 0

Sheet Fichas_Alumnos
A1: Timestamp | B1: Apellido del Estudiante | C1: Nombre del Estudiante | D1: DNI | E1: Nacionalidad | F1: Fecha Nacimiento | G1: Email Address | H1: Email ALU | I1: Distrito | J1: Municipio | K1: Calle | L1: CP | M1: Tutor1Nombre | N1: Tutor1Apellido | O1: Tutor1Telefono | P1: Tutor1Email | Q1: Tutor2Nombre | R1: Tutor2Apellido | S1: Tutor2Telefono | T1: Tutor2Email | U1: Ficha Salud | V1: Año | W1: División | X1: Turno | Y1: Especialidad

Sheet Errores
A1: Timestamp | B1: Email Alumno | C1: Alumno | D1: Motivo

Sheet Historial docente
A1: Apellido y Nombre | B1: Email | C1: DNI | D1: Ciclos | E1: Turno | F1: Horas | G1: Horas sin Alumnos | H1: Maximo teórico | I1: Máx Alumnos | J1: Alumnos asignados | K1: Vacantes Disponibles | L1: Column 1
